{
    "111;111;111;111": {
        "1": {
            "0": [
                0.0,
                0.0
            ],
            "1": [
                [
                    1.7343604650715694,
                    1.254576172818433
                ],
                [
                    1.8816384201079615,
                    1.3611119344961298
                ]
            ],
            "2": [
                [
                    1.1280008828753,
                    1.2366573663214178
                ],
                [
                    1.2174428052046729,
                    1.3347149244189145
                ]
            ],
            "3": [
                [
                    1.1156696152982164,
                    0.6479080382915966
                ],
                [
                    1.222437299807659,
                    0.7099117355106477
                ]
            ]
        },
        "2": {
            "0": [
                [
                    1.7124615157026941,
                    -0.31802096655077117
                ],
                [
                    1.8696569624028605,
                    -0.29128266701120276
                ]
            ],
            "1": [
                [
                    1.7333197949206465,
                    0.29483057459578393
                ],
                [
                    1.8801634993877556,
                    0.3198080853186634
                ]
            ],
            "2": [
                [
                    1.1185636514282518,
                    0.2883611865342164
                ],
                [
                    1.2143388864282478,
                    0.31305165485931025
                ]
            ],
            "3": [
                [
                    1.1061899454369009,
                    -0.3182637798022565
                ],
                [
                    1.2345569108369752,
                    -0.28517129516152884
                ]
            ]
        },
        "3": {
            "0": [
                [
                    1.710588309514069,
                    -1.3599204026685936
                ],
                [
                    1.8799912138726391,
                    -1.2373802204546673
                ]
            ],
            "1": [
                [
                    1.7255393990268075,
                    -0.7246394681068444
                ],
                [
                    1.8911522826535077,
                    -0.6611809973090744
                ]
            ],
            "2": [
                [
                    1.1286603174916863,
                    -0.7033826555140574
                ],
                [
                    1.2111945064827587,
                    -0.6554521895876289
                ]
            ],
            "3": [
                [
                    1.1060932691643153,
                    -1.3415093132077063
                ],
                [
                    1.2236402182966835,
                    -1.2126394667918106
                ]
            ]
        },
        "4": {
            "0": [
                [
                    0.7484386819223037,
                    0.6419571094183398
                ],
                [
                    0.8283403972531076,
                    0.7104910794686148
                ]
            ],
            "1": [
                [
                    0.7520302856648655,
                    1.2177196241971682
                ],
                [
                    0.81461759073877,
                    1.319063667205639
                ]
            ],
            "2": [
                [
                    0.18024881363612621,
                    1.2238332102671523
                ],
                [
                    0.19276904670154238,
                    1.3088416866983879
                ]
            ],
            "3": [
                [
                    0.18037172652134714,
                    0.6487182188321917
                ],
                [
                    0.19389312412355508,
                    0.6973487727321753
                ]
            ]
        },
        "5": {
            "0": [
                [
                    0.7466818089879865,
                    -0.30946571938739525
                ],
                [
                    0.8127639294516875,
                    -0.28430447611994925
                ]
            ],
            "1": [
                [
                    0.7504428690767302,
                    0.2857365268346073
                ],
                [
                    0.8181524512960259,
                    0.31151743788592645
                ]
            ],
            "2": [
                [
                    0.17556027230856408,
                    0.28029297759157784
                ],
                [
                    0.193160280544717,
                    0.30839249378211764
                ]
            ],
            "3": [
                [
                    0.17954771776962986,
                    -0.3067330046978209
                ],
                [
                    0.19212086686395224,
                    -0.2866591841744765
                ]
            ]
        },
        "6": {
            "0": [
                [
                    0.745986239135167,
                    -1.3368360790475766
                ],
                [
                    0.8255933454928694,
                    -1.2079328453811022
                ]
            ],
            "1": [
                [
                    0.7566625740618722,
                    -0.7019481811911878
                ],
                [
                    0.8183804864853172,
                    -0.6490109752240625
                ]
            ],
            "2": [
                [
                    0.1778493513232462,
                    -0.6966876084808176
                ],
                [
                    0.19370929186160524,
                    -0.6396463383479489
                ]
            ],
            "3": [
                [
                    0.17681918851279477,
                    -1.313237689442754
                ],
                [
                    0.1934164995347878,
                    -1.200547125659812
                ]
            ]
        },
        "7": {
            "0": [
                [
                    -0.193805813971327,
                    0.636940627233783
                ],
                [
                    -0.17709704659221792,
                    0.6970347562977318
                ]
            ],
            "1": [
                [
                    -0.19211530550531464,
                    1.2247776748153631
                ],
                [
                    -0.18038791642636198,
                    1.3044029879312249
                ]
            ],
            "2": [
                [
                    -0.8129222766494983,
                    1.2445641549697823
                ],
                [
                    -0.768608732578528,
                    1.31631854207568
                ]
            ],
            "3": [
                [
                    -0.8145253822307765,
                    0.6411145810267351
                ],
                [
                    -0.747456403153766,
                    0.6986415488062969
                ]
            ]
        },
        "8": {
            "0": [
                [
                    -0.18991498268718487,
                    -0.3032111723607185
                ],
                [
                    -0.17588785885284963,
                    -0.2808159900402991
                ]
            ],