{
    "111;111;111;111": {
        "1": {
            "0": [
                -1.7763568394002505e-15,
                0.0
            ],
            "1": [
                [
                    1.8778530807130345,
                    1.3583737513406933
                ],
                [
                    1.9695506145468684,
                    1.4247045651311212
                ]
            ],
            "2": [
                [
                    1.2105593700404853,
                    1.3271684313880887
                ],
                [
                    1.3002130435709915,
                    1.4254581379587759
                ]
            ],
            "3": [
                [
                    1.2221296584894343,
                    0.7097330775278049
                ],
                [
                    1.2958392445751343,
                    0.7525387904998395
                ]
            ]
        },
        "2": {
            "0": [
                [
                    1.8813508144773898,
                    -0.33452184745393265
                ],
                [
                    1.9666662483030493,
                    -0.32001004273652234
                ]
            ],
            "1": [
                [
                    1.8754064559865302,
                    0.31899893178365724
                ],
                [
                    1.9741729187322683,
                    0.33579870124769245
                ]
            ],
            "2": [
                [
                    1.2145120633362616,
                    0.31309629916597365
                ],
                [
                    1.292212525255266,
                    0.3331271640743874
                ]
            ],
            "3": [
                [
                    1.2187969167470314,
                    -0.330945593084594
                ],
                [
                    1.2837501311254549,
                    -0.3142009170498776
                ]
            ]
        },
        "3": {
            "0": [
                [
                    1.8603500018908754,
                    -1.4217096803656413
                ],
                [
                    1.9654104038149534,
                    -1.3457126315311285
                ]
            ],
            "1": [
                [
                    1.857137823546175,
                    -0.7613525429288096
                ],
                [
                    1.9869654674282486,
                    -0.7116060282397524
                ]
            ],
            "2": [
                [
                    1.220664478897655,
                    -0.753279676561345
                ],
                [
                    1.2971150183244546,
                    -0.7088821969247641
                ]
            ],
            "3": [
                [
                    1.2285867129905146,
                    -1.423671835997141
                ],
                [
                    1.298583691541353,
                    -1.346932286889264
                ]
            ]
        },
        "4": {
            "0": [
                [
                    0.8246317630251596,
                    0.7073100785845428
                ],
                [
                    0.864291688541396,
                    0.7413275228443272
                ]
            ],
            "1": [
                [
                    0.8002717820586422,
                    1.2958343198139608
                ],
                [
                    0.8697970058142772,
                    1.4084125376833272
                ]
            ],
            "2": [
                [
                    0.19229531253988874,
                    1.305625179537126
                ],
                [
                    0.20522073974581545,
                    1.393384797769262
                ]
            ],
            "3": [
                [
                    0.19329831677776,
                    0.6952095108347938
                ],
                [
                    0.2059301044054891,
                    0.7406405267072708
                ]
            ]
        },
        "5": {
            "0": [
                [
                    0.8076395516232076,
                    -0.3329852823722337
                ],
                [
                    0.8745344301339024,
                    -0.3075145756251848
                ]
            ],
            "1": [
                [
                    0.8175414502542289,
                    0.31128479483904004
                ],
                [
                    0.8655577830846148,
                    0.3295673593614671
                ]
            ],
            "2": [
                [
                    0.1919581609062817,
                    0.30647323443914387
                ],
                [
                    0.20456129975591253,
                    0.3265949354863881
                ]
            ],
            "3": [
                [
                    0.19219953914829446,
                    -0.32538739268194167
                ],
                [
                    0.2038049606374841,
                    -0.30685860993038094
                ]
            ]
        },
        "6": {
            "0": [
                [
                    0.8229968835587602,
                    -1.3996758108815461
                ],
                [
                    0.8644014426468942,
                    -1.3326317767596068
                ]
            ],
            "1": [
                [
                    0.8194307064035193,
                    -0.7474530610149002
                ],
                [
                    0.8714332711287582,
                    -0.702848984636048
                ]
            ],
            "2": [
                [
                    0.19191129916300653,
                    -0.7368541606940102
                ],
                [
                    0.20487733086650195,
                    -0.6902210150550778
                ]
            ],
            "3": [
                [
                    0.1936148524958412,
                    -1.39411287917111
                ],
                [
                    0.2053279731562334,
                    -1.31458444416575
                ]
            ]
        },
        "7": {
            "0": [
                [
                    -0.2033960297152717,
                    0.6997999199292742
                ],
                [
                    -0.19457464907392819,
                    0.7315265682663521
                ]
            ],
            "1": [
                [
                    -0.20541204272208802,
                    1.3140661053280143
                ],
                [
                    -0.193538510425876,
                    1.3946836852951705
                ]
            ],
            "2": [
                [
                    -0.8647423629617599,
                    1.341430906116628
                ],
                [
                    -0.8284309848350127,
                    1.4002278436462139
                ]
            ],
            "3": [
                [
                    -0.8743764083580814,
                    0.7004952801367987
                ],
                [
                    -0.8166865924008704,
                    0.7499774733869536
                ]
            ]
        },
        "8": {
            "0": [
                [
                    -0.20387950716511938,
                    -0.3255064108853666
                ],
                [
                    -0.1930984834824443,
                    -0.30829383089919143
                ]
            ],