{
    "111;111;111;111": {
        "1": {
            "0": [
                [
                    2.520395110153933,
                    0.9657486542957839
                ],
                [
                    2.658012970970038,
                    1.0184801737923825
                ]
            ],
            "1": [
                [
                    2.536160031835081,
                    1.8345701545171211
                ],
                [
                    2.676525692921633,
                    1.9361058026292364
                ]
            ],
            "2": [
                [
                    1.6519756234507437,
                    1.8111048091702846
                ],
                [
                    1.7404566390806409,
                    1.9081088996984903
                ]
            ],
            "3": [
                [
                    1.6199721452100349,
                    0.9407740071952209
                ],
                [
                    1.745943677388123,
                    1.0139300447666941
                ]
            ]
        },
        "2": {
            "0": [
                [
                    2.5113342346412324,
                    -0.4531451696769655
                ],
                [
                    2.6640571238264883,
                    -0.4271676337921456
                ]
            ],
            "1": [
                [
                    2.4973994452580506,
                    0.4247973833786025
                ],
                [
                    2.663893125051029,
                    0.45311727415915837
                ]
            ],
            "2": [
                [
                    1.649531772599719,
                    0.42524262125395484
                ],
                [
                    1.7397513955332755,
                    0.4485008752519034
                ]
            ],
            "3": [
                [
                    1.635908417346183,
                    -0.4451932664990622
                ],
                [
                    1.726921059493467,
                    -0.4217305753543106
                ]
            ]
        },
        "3": {
            "0": [
                [
                    2.5439341426823425,
                    -1.9578182373488298
                ],
                [
                    2.706541557397596,
                    -1.8401936765185978
                ]
            ],
            "1": [
                [
                    2.5250999098189393,
                    -1.0249877436642354
                ],
                [
                    2.6749963208417142,
                    -0.9675514089221927
                ]
            ],
            "2": [
                [
                    1.6243024349434272,
                    -1.0095175089368467
                ],
                [
                    1.7383454815627708,
                    -0.9432887566227612
                ]
            ],
            "3": [
                [
                    1.6390664559013786,
                    -1.9311381067238194
                ],
                [
                    1.7614624298226502,
                    -1.796952145475276
                ]
            ]
        },
        "4": {
            "0": [
                [
                    1.1016713350249496,
                    0.9449347860337909
                ],
                [
                    1.1665775457699077,
                    1.0006066860030778
                ]
            ],
            "1": [
                [
                    1.1171656267878873,
                    1.8089623957303909
                ],
                [
                    1.167733353775919,
                    1.8908438234842468
                ]
            ],
            "2": [
                [
                    0.259519767068511,
                    1.7620582529902613
                ],
                [
                    0.27552950836196644,
                    1.8707594016273972
                ]
            ],
            "3": [
                [
                    0.26133456652020115,
                    0.9399061470546363
                ],
                [
                    0.2749133329941813,
                    0.9887430316974134
                ]
            ]
        },
        "5": {
            "0": [
                [
                    1.105899047351528,
                    -0.44440893254632463
                ],
                [
                    1.167171443140088,
                    -0.4210790265869225
                ]
            ],
            "1": [
                [
                    1.1033657588940393,
                    0.4201144587628528
                ],
                [
                    1.1657495780400566,
                    0.44386754716969473
                ]
            ],
            "2": [
                [
                    0.25658797834622504,
                    0.4096587885125871
                ],
                [
                    0.27432681232910383,
                    0.43797994870834894
                ]
            ],
            "3": [
                [
                    0.25724720310372007,
                    -0.4388576870045092
                ],
                [
                    0.27487657984598,
                    -0.4107112821533796
                ]
            ]
        },
        "6": {
            "0": [
                [
                    1.1049189556336305,
                    -1.912298849834654
                ],
                [
                    1.1809833903809412,
                    -1.7891320616602062
                ]
            ],
            "1": [
                [
                    1.1059844061568,
                    -1.0067587433951966
                ],
                [
                    1.1737500463281307,
                    -0.9486342296133415
                ]
            ],
            "2": [
                [
                    0.260659317881327,
                    -0.9893645460621863
                ],
                [
                    0.2750861408725136,
                    -0.9374775730052561
                ]
            ],
            "3": [
                [
                    0.2624002175404172,
                    -1.882603347594705
                ],
                [
                    0.27727391045162264,
                    -1.781615613046858
                ]
            ]
        },
        "7": {
            "0": [
                [
                    -0.27563025010223186,
                    0.942044147290523
                ],
                [
                    -0.2619290230695164,
                    0.9913214690077219
                ]
            ],
            "1": [
                [
                    -0.27639446727869554,
                    1.7514855611927818
                ],
                [
                    -0.25796259805442645,
                    1.8766322028206457
                ]
            ],
            "2": [
                [
                    -1.17958741004556,
                    1.7750319496430467
                ],
                [
                    -1.096211112664303,
                    1.910038418729996
                ]
            ],
            "3": [
                [
                    -1.1723328867949263,
                    0.9409224504900637
                ],
                [
                    -1.0969934724672772,
                    1.0055432054232805
                ]
            ]
        },
        "8": {
            "0": [
                [
                    -0.2754878137117345,
                    -0.43983356017893327
                ],
                [
                    -0.25855078072062554,
                    -0.4127925255176055
                ]
            ],