{
    "11;11;11": {
        "1": {
            "0": [ 2.1915720009913917, 0.3227794848700128 ],
            "1": [ 2.32, 1.43 ],
            "2": [ 1.18, 1.38 ],
            "3": [ 1.12, 0.31 ]
        },
        "2": {
            "0": [ 2.32, -1.44 ],
            "1": [ 2.19, -0.32 ],
            "2": [ 1.12, -0.31 ],
            "3": [ 1.19, -1.38 ]
        },
        "3": {
            "0": [ 0.49, 0.3 ],
            "1": [ 0.51, 1.35 ],
            "2": [ -0.51, 1.35 ],
            "3": [ -0.49, 0.3 ]
        },
        "4": {
            "0": [ 0.51, -1.35 ],
            "1": [ 0.49, -0.3 ],
            "2": [ -0.49, -0.3 ],
            "3": [ -0.51, -1.35 ]
        },
        "5": {
            "0": [ -1.12, 0.31 ],
            "1": [ -1.18, 1.38 ],
            "2": [ -2.32, 1.43 ],
            "3": [ -2.19, 0.32 ]
        },
        "6": {
            "0": [ -1.18, -1.38 ],
            "1": [ -1.12, -0.31 ],
            "2": [ -2.19, -0.32 ],
            "3": [ -2.32, -1.43 ]
        }
    }
}
